Country,Longitude,Latitude,World Bank region,Population (2019),Unnamed: 5,Unnamed: 6,Unnamed: 7,Region,Population,Area (sq. mi.),Pop. Density (per sq. mi.),Coastline (coast/area ratio),Net migration,Infant mortality (per 1000 births),GDP ($ per capita),Literacy (%),Phones (per 1000),Arable (%),Crops (%),Other (%),Climate,Birthrate,Deathrate,Agriculture,Industry,Service
New Zealand,174.776,-41.2865,Other,4917000.0,,,,OCEANIA       ,4076140.0,268680.0,15.2,5.63,4.05,5.85,21600.0,99.0,441.7,5.6,6.99,87.41,3.0,13.76,7.53,43.0,273.0,684.0
Australia,149.129,-35.282,Other,25364307.0,,,,OCEANIA       ,20264082.0,7686850.0,2.6,0.34,3.98,4.69,29000.0,100.0,565.5,6.55,0.04,93.41,1.0,12.14,7.51,38.0,262.0,0.7
Uruguay,-56.0675,-34.8941,Latin America & the Caribbean,3461734.0,,,,LATIN AMER. & CARIB   ,3431932.0,176220.0,19.5,0.37,-0.32,11.95,12800.0,98.0,291.4,7.43,0.23,92.34,3.0,13.91,9.05,93.0,311.0,596.0
Argentina,-58.4173,-34.6118,Latin America & the Caribbean,44938712.0,,,,LATIN AMER. & CARIB   ,39921833.0,2766890.0,14.4,0.18,0.61,15.18,11200.0,97.1,220.4,12.31,0.48,87.21,3.0,16.73,7.55,95.0,358.0,547.0
Chile,-70.6475,-33.475,Latin America & the Caribbean,18952038.0,,,,LATIN AMER. & CARIB   ,16134219.0,756950.0,21.3,0.85,0.0,8.8,9900.0,96.2,213.0,2.65,0.42,96.93,3.0,15.23,5.81,0.06,493.0,447.0
Lesotho,27.7167,-29.5208,Sub-Saharan Africa,2125268.0,,,,SUB-SAHARAN AFRICA        ,2022331.0,30355.0,66.6,0.0,-0.74,84.23,3000.0,84.8,23.7,10.87,0.13,89.0,3.0,24.75,28.71,163.0,443.0,394.0
Eswatini,31.4659,-26.5225,Sub-Saharan Africa,1148130.0,,,,,,,,,,,,,,,,,,,,,,
Mozambique,32.5713,-25.9664,Sub-Saharan Africa,30366036.0,,,,SUB-SAHARAN AFRICA        ,19686505.0,801590.0,24.6,0.31,0.0,130.79,1200.0,47.8,3.5,5.1,0.3,94.6,2.0,35.18,21.35,262.0,348.0,0.39
South Africa,28.1871,-25.746,Sub-Saharan Africa,58558270.0,,,,SUB-SAHARAN AFRICA        ,44187637.0,1219912.0,36.2,0.23,-0.29,61.81,10700.0,86.4,107.0,12.08,0.79,87.13,1.0,18.2,22.0,25.0,303.0,671.0
Paraguay,-57.6362,-25.3005,Latin America & the Caribbean,7044636.0,,,,LATIN AMER. & CARIB   ,6506464.0,406750.0,16.0,0.0,-0.08,25.63,4700.0,94.0,49.2,7.6,0.23,92.17,2.0,29.1,4.49,224.0,207.0,569.0
Botswana,25.9201,-24.6544,Sub-Saharan Africa,2303697.0,,,,SUB-SAHARAN AFRICA        ,1639833.0,600370.0,2.7,0.0,0.0,54.58,9000.0,79.8,80.5,0.65,0.01,99.34,1.0,23.08,29.5,24.0,469.0,507.0
Namibia,17.0931,-22.5648,Sub-Saharan Africa,2494530.0,,,,SUB-SAHARAN AFRICA        ,2044147.0,825418.0,2.5,0.19,0.0,48.98,7200.0,84.0,62.6,0.99,0.0,99.01,1.0,24.32,18.86,97.0,315.0,588.0
New Caledonia,166.464,-22.2677,Other,287800.0,,,,OCEANIA       ,219246.0,19060.0,11.5,11.83,0.0,7.72,15000.0,91.0,252.2,0.38,0.33,99.29,2.0,18.11,5.69,0.15,88.0,762.0
Tonga,-175.216,-21.136,East Asia and Pacific,104494.0,,,,OCEANIA       ,114689.0,748.0,153.3,56.02,0.0,12.62,2200.0,98.5,97.7,23.61,43.06,33.33,2.0,25.37,5.28,0.23,0.27,0.5
Madagascar,45.7167,-20.4667,Sub-Saharan Africa,26969307.0,,,,SUB-SAHARAN AFRICA        ,18595469.0,587040.0,31.7,0.82,0.0,76.83,800.0,68.9,3.6,5.07,1.03,93.91,2.0,41.41,11.11,276.0,165.0,559.0
Mauritius,57.4977,-20.1605,Sub-Saharan Africa,1265711.0,,,,SUB-SAHARAN AFRICA        ,1240827.0,2040.0,608.3,8.68,-0.9,15.03,11400.0,85.6,289.3,49.26,2.96,47.78,2.0,15.43,6.86,59.0,298.0,643.0
Fiji,178.399,-18.1149,East Asia and Pacific,889953.0,,,,OCEANIA       ,905949.0,18270.0,49.6,6.18,-3.14,12.62,5800.0,93.7,112.6,10.95,4.65,84.4,2.0,22.55,5.65,89.0,135.0,776.0
Zimbabwe,31.0672,-17.8312,Sub-Saharan Africa,14645468.0,,,,SUB-SAHARAN AFRICA        ,12236805.0,390580.0,31.3,0.0,0.0,67.69,1900.0,90.7,26.8,8.32,0.34,91.34,2.0,28.01,21.84,179.0,243.0,579.0
Vanuatu,168.321,-17.7404,East Asia and Pacific,299882.0,,,,OCEANIA       ,208869.0,12200.0,17.1,20.72,0.0,55.16,2900.0,53.0,32.6,2.46,7.38,90.16,2.0,22.72,7.82,0.26,0.12,0.62
French Polynesia,-149.57,-17.535,Other,279287.0,,,,OCEANIA       ,274578.0,4167.0,65.9,60.6,2.94,8.44,17500.0,98.0,194.5,0.82,5.46,93.72,2.0,16.68,4.69,31.0,0.19,769.0
Brazil,-47.9292,-15.7801,Latin America & the Caribbean,211049527.0,,,,LATIN AMER. & CARIB   ,188078227.0,8511965.0,22.1,0.09,-0.03,29.61,7600.0,86.4,225.3,6.96,0.9,92.15,2.0,16.56,6.17,84.0,0.4,516.0
Zambia,28.2937,-15.3982,Sub-Saharan Africa,17861030.0,,,,SUB-SAHARAN AFRICA        ,11502010.0,752614.0,15.3,0.0,0.0,88.29,800.0,80.6,8.2,7.08,0.03,92.9,2.0,41.0,19.93,0.22,0.29,489.0
American Samoa,-170.691,-14.2846,Other,55312.0,,,,OCEANIA       ,57794.0,199.0,290.4,58.29,-20.71,9.27,8000.0,97.0,259.5,10.0,15.0,75.0,2.0,22.46,3.27,,,
Bolivia,-66.1936,-13.9908,Latin America & the Caribbean,11513100.0,,,,LATIN AMER. & CARIB   ,8989046.0,1098580.0,8.2,0.0,-1.32,53.11,2400.0,87.2,71.9,2.67,0.19,97.14,1.5,23.3,7.53,128.0,352.0,0.52
Malawi,33.7703,-13.9899,Sub-Saharan Africa,18628747.0,,,,SUB-SAHARAN AFRICA        ,13013926.0,118480.0,109.8,0.0,0.0,103.32,600.0,62.7,7.9,23.38,1.49,75.13,2.0,43.13,19.33,342.0,158.0,499.0
Samoa,-171.752,-13.8314,East Asia and Pacific,197097.0,,,,OCEANIA       ,176908.0,2944.0,60.1,13.69,-11.7,27.71,5600.0,99.7,75.2,21.2,24.38,54.42,2.0,16.43,6.62,114.0,584.0,302.0
Peru,-77.0465,-12.0931,Latin America & the Caribbean,32510453.0,,,,LATIN AMER. & CARIB   ,28302603.0,1285220.0,22.0,0.19,-1.05,31.94,5100.0,90.9,79.5,2.89,0.4,96.71,1.5,20.48,6.23,0.08,0.27,0.65
Comoros,43.2418,-11.6986,Sub-Saharan Africa,850886.0,,,,SUB-SAHARAN AFRICA        ,690948.0,2170.0,318.4,15.67,0.0,74.93,700.0,56.5,24.5,35.87,23.32,40.81,2.0,36.93,8.2,0.4,0.04,0.56
Papua New Guinea,147.194,-9.47357,East Asia and Pacific,8776109.0,,,,OCEANIA       ,5670544.0,462840.0,12.3,1.11,0.0,51.45,2200.0,64.6,10.9,0.46,1.44,98.1,2.0,29.36,7.25,353.0,381.0,266.0
Solomon Islands,159.949,-9.42676,East Asia and Pacific,669823.0,,,,OCEANIA       ,552438.0,28450.0,19.4,18.67,0.0,21.29,1700.0,,13.4,0.64,2.0,97.36,2.0,30.01,3.92,0.42,0.11,0.47
Angola,13.242,-8.81155,Sub-Saharan Africa,31825295.0,,,,SUB-SAHARAN AFRICA        ,12127071.0,1246700.0,9.7,0.13,0.0,191.19,1900.0,42.0,7.8,2.41,0.24,97.35,,45.11,24.2,96.0,658.0,246.0
Tuvalu,179.089567,-8.6314877,East Asia and Pacific,11646.0,,,,OCEANIA       ,11810.0,26.0,454.2,92.31,0.0,20.03,1100.0,,59.3,0.0,0.0,100.0,2.0,22.18,7.11,166.0,272.0,562.0
Timor-Leste,125.567,-8.56667,East Asia and Pacific,1293119.0,,,,,,,,,,,,,,,,,,,,,,
Indonesia,106.83,-6.19752,East Asia and Pacific,270625568.0,,,,ASIA (EX. NEAR EAST),245452739.0,1919440.0,127.9,2.85,0.0,35.6,3200.0,87.9,52.0,11.32,7.23,81.45,2.0,20.34,6.25,134.0,458.0,408.0
Tanzania,35.7382,-6.17486,Sub-Saharan Africa,58005463.0,,,,SUB-SAHARAN AFRICA        ,37445392.0,945087.0,39.6,0.15,-2.06,98.54,600.0,78.2,4.0,4.52,1.08,94.4,,37.71,16.39,432.0,172.0,396.0
Seychelles,55.4466,-4.6309,Sub-Saharan Africa,97625.0,,,,SUB-SAHARAN AFRICA        ,81541.0,455.0,179.2,107.91,-5.69,15.53,7800.0,58.0,262.4,2.22,13.33,84.45,2.0,16.03,6.29,32.0,304.0,665.0
"Congo, Dem. Rep.",15.3222,-4.325,Sub-Saharan Africa,86790567.0,,,,SUB-SAHARAN AFRICA        ,62660551.0,2345410.0,26.7,0.0,0.0,94.69,700.0,65.5,0.2,2.96,0.52,96.52,2.0,43.69,13.27,0.55,0.11,0.34
"Congo, Rep.",15.2662,-4.2767,Sub-Saharan Africa,5380508.0,,,,,,,,,,,,,,,,,,,,,,
Burundi,29.3639,-3.3784,Sub-Saharan Africa,11530580.0,,,,SUB-SAHARAN AFRICA        ,8090068.0,27830.0,290.7,0.0,-0.06,69.29,600.0,51.6,3.4,35.05,14.02,50.93,2.0,42.22,13.46,463.0,203.0,334.0
Rwanda,30.0587,-1.95325,Sub-Saharan Africa,12626950.0,,,,SUB-SAHARAN AFRICA        ,8648248.0,26338.0,328.4,0.0,0.0,91.23,1300.0,70.4,2.7,40.54,12.16,47.3,3.0,40.37,16.09,401.0,229.0,0.37
Kenya,36.8126,-1.27975,Sub-Saharan Africa,52573973.0,,,,SUB-SAHARAN AFRICA        ,34707817.0,582650.0,59.6,0.09,-0.1,61.47,1000.0,85.1,8.1,8.08,0.98,90.94,1.5,39.72,14.02,163.0,188.0,651.0
Nauru,166.920867,-0.5477,Other,12581.0,,,,OCEANIA       ,13287.0,21.0,632.7,142.86,0.0,9.95,5000.0,,143.0,0.0,0.0,100.0,2.0,24.76,6.7,,,
Ecuador,-78.5243,-0.229498,Latin America & the Caribbean,17373662.0,,,,LATIN AMER. & CARIB   ,13547510.0,283560.0,47.8,0.79,-8.58,23.66,3300.0,92.5,125.6,5.85,4.93,89.22,2.0,22.29,4.23,0.07,312.0,618.0
Sao Tome and Principe,6.6071,0.20618,Sub-Saharan Africa,215056.0,,,,,,,,,,,,,,,,,,,,,,
Uganda,32.5729,0.314269,Sub-Saharan Africa,44269594.0,,,,SUB-SAHARAN AFRICA        ,28195754.0,236040.0,119.5,0.0,0.0,67.83,1400.0,69.9,3.6,25.88,10.65,63.47,2.0,47.35,12.24,311.0,222.0,469.0
Gabon,9.45162,0.38832,Sub-Saharan Africa,2172579.0,,,,SUB-SAHARAN AFRICA        ,1424906.0,267667.0,5.3,0.33,0.0,53.64,5500.0,63.2,27.4,1.26,0.66,98.08,2.0,36.16,12.25,61.0,592.0,348.0
Singapore,103.85,1.28941,Other,5703569.0,,,,ASIA (EX. NEAR EAST),4492150.0,693.0,6482.2,27.85,11.53,2.29,23700.0,92.5,411.4,1.64,0.0,98.36,2.0,9.34,4.28,0.0,339.0,661.0
Kiribati,172.979,1.32905,East Asia and Pacific,117606.0,,,,OCEANIA       ,105432.0,811.0,130.0,140.94,0.0,48.52,800.0,,42.7,2.74,50.68,46.58,2.0,30.65,8.26,89.0,242.0,668.0
Somalia,45.3254,2.07515,Sub-Saharan Africa,15442905.0,,,,SUB-SAHARAN AFRICA        ,8863338.0,637657.0,13.9,0.47,5.37,116.7,500.0,37.8,11.3,1.67,0.04,98.29,1.0,45.13,16.63,0.65,0.1,0.25
Malaysia,101.684,3.12433,East Asia and Pacific,31949777.0,,,,ASIA (EX. NEAR EAST),24385858.0,329750.0,74.0,1.42,0.0,17.7,9000.0,88.7,179.0,5.48,17.61,76.91,2.0,22.86,5.05,84.0,0.48,436.0
Equatorial Guinea,8.7741,3.7523,Sub-Saharan Africa,1355986.0,,,,SUB-SAHARAN AFRICA        ,540109.0,28051.0,19.3,1.06,0.0,85.13,2700.0,85.7,18.5,4.63,3.57,91.8,2.0,35.59,15.06,0.03,906.0,62.0
Cameroon,11.5174,3.8721,Sub-Saharan Africa,25876380.0,,,,SUB-SAHARAN AFRICA        ,17340702.0,475440.0,36.5,0.08,0.0,68.26,1800.0,79.0,5.7,12.81,2.58,84.61,1.5,33.89,13.47,448.0,0.17,382.0
Maldives,73.5109,4.1742,South Asia,530953.0,,,,ASIA (EX. NEAR EAST),359008.0,300.0,1196.7,214.67,0.0,56.52,3900.0,97.2,90.0,13.33,16.67,70.0,2.0,34.81,7.06,0.2,0.18,0.62
Colombia,-74.082,4.60987,Latin America & the Caribbean,50339443.0,,,,LATIN AMER. & CARIB   ,43593035.0,1138910.0,38.3,0.28,-0.31,20.97,6300.0,92.5,176.2,2.42,1.67,95.91,2.0,20.48,5.58,125.0,342.0,533.0
South Sudan,31.6,4.85,Sub-Saharan Africa,11062113.0,,,,,,,,,,,,,,,,,,,,,,
Brunei Darussalam,114.946,4.94199,Other,433285.0,,,,,,,,,,,,,,,,,,,,,,
Cote d'Ivoire,-4.0305,5.332,Sub-Saharan Africa,25716544.0,,,,SUB-SAHARAN AFRICA        ,17654843.0,322460.0,54.8,0.16,-0.07,90.83,1400.0,50.9,14.6,9.75,13.84,76.41,2.0,35.11,14.84,279.0,171.0,0.55
Ghana,-0.20795,5.57045,Sub-Saharan Africa,30417856.0,,,,SUB-SAHARAN AFRICA        ,22409572.0,239460.0,93.6,0.23,-0.64,51.43,2200.0,74.8,14.4,16.26,9.67,74.07,2.0,30.52,9.72,366.0,246.0,387.0
Central African Republic,21.6407,5.63056,Sub-Saharan Africa,4745185.0,,,,,,,,,,,,,,,,,,,,,,
Suriname,-55.1679,5.8232,Latin America & the Caribbean,581363.0,,,,LATIN AMER. & CARIB   ,439117.0,163270.0,2.7,0.24,-8.81,23.57,4000.0,93.0,184.7,0.37,0.06,99.57,2.0,18.02,7.27,0.13,0.22,0.65
Togo,1.2255,6.1228,Sub-Saharan Africa,8082366.0,,,,SUB-SAHARAN AFRICA        ,5548702.0,56785.0,97.7,0.1,0.0,66.61,1500.0,60.9,10.6,46.15,2.21,51.64,2.0,37.01,9.83,395.0,204.0,401.0
Liberia,-10.7957,6.30039,Sub-Saharan Africa,4937374.0,,,,SUB-SAHARAN AFRICA        ,3042004.0,111370.0,27.3,0.52,0.0,128.87,1000.0,57.5,2.3,3.95,2.28,93.77,2.0,44.77,23.1,769.0,54.0,177.0
Benin,2.6323,6.4779,Sub-Saharan Africa,11801151.0,,,,SUB-SAHARAN AFRICA        ,7862944.0,112620.0,69.8,0.11,0.0,85.0,1100.0,40.9,9.7,18.08,2.4,79.52,2.0,38.85,12.22,316.0,138.0,546.0
Guyana,-58.1548,6.80461,Latin America & the Caribbean,782766.0,,,,LATIN AMER. & CARIB   ,767245.0,214970.0,3.6,0.21,-2.07,33.26,4000.0,98.8,143.5,2.44,0.15,97.41,2.0,18.28,8.28,0.37,203.0,427.0
"Micronesia, Fed. Sts.",158.185,6.91771,East Asia and Pacific,113815.0,,,,,,,,,,,,,,,,,,,,,,
Sri Lanka,79.8528,6.92148,South Asia,21803000.0,,,,ASIA (EX. NEAR EAST),20222240.0,65610.0,308.2,2.04,-1.31,14.35,3700.0,92.3,61.5,13.86,15.7,70.44,2.0,15.51,6.52,178.0,276.0,545.0
Marshall Islands,171.135,7.11046,East Asia and Pacific,58791.0,,,,OCEANIA       ,60422.0,11854.0,5.1,3.12,-6.04,29.45,1600.0,93.7,91.2,16.67,38.89,44.44,2.0,33.05,4.78,317.0,149.0,534.0
Palau,134.479,7.34194,East Asia and Pacific,18008.0,,,,OCEANIA       ,20579.0,458.0,44.9,331.66,2.85,14.84,9000.0,92.0,325.6,8.7,4.35,86.95,2.0,18.03,6.8,62.0,0.12,818.0
Sierra Leone,-13.2134,8.4821,Sub-Saharan Africa,7813215.0,,,,SUB-SAHARAN AFRICA        ,6005250.0,71740.0,83.7,0.56,0.0,143.64,500.0,31.4,4.0,6.98,0.89,92.13,2.0,45.76,23.03,0.49,0.31,0.21
Panama,-79.5188,8.99427,Latin America & the Caribbean,4246439.0,,,,LATIN AMER. & CARIB   ,3191319.0,78200.0,40.8,3.18,-0.91,20.47,6300.0,92.6,137.9,7.36,1.98,90.66,2.0,21.74,5.36,68.0,156.0,776.0
Ethiopia,38.7468,9.02274,Sub-Saharan Africa,112078730.0,,,,SUB-SAHARAN AFRICA        ,74777981.0,1127127.0,66.3,0.0,0.0,95.32,700.0,42.7,8.2,10.71,0.75,88.54,2.0,37.98,14.86,475.0,99.0,426.0
Nigeria,7.48906,9.05804,Sub-Saharan Africa,200963599.0,,,,SUB-SAHARAN AFRICA        ,131859731.0,923768.0,142.7,0.09,0.26,98.8,900.0,68.0,9.3,31.29,2.96,65.75,1.5,40.43,16.94,269.0,487.0,244.0
"Venezuela, RB",-69.8371,9.08165,Latin America & the Caribbean,28515829.0,,,,,,,,,,,,,,,,,,,,,,
Guinea,-13.7,9.51667,Sub-Saharan Africa,12771246.0,,,,SUB-SAHARAN AFRICA        ,9690222.0,245857.0,39.4,0.13,-3.06,90.37,2100.0,35.9,2.7,3.63,2.58,93.79,2.0,41.76,15.48,237.0,362.0,401.0
Costa Rica,-84.0089,9.63701,Latin America & the Caribbean,5047561.0,,,,LATIN AMER. & CARIB   ,4075261.0,51100.0,79.8,2.52,0.51,9.95,9100.0,96.0,340.7,4.41,5.88,89.71,2.0,18.32,4.36,88.0,299.0,614.0
Trinidad and Tobago,-61.4789,10.6596,Latin America & the Caribbean,1394973.0,,,,,,,,,,,,,,,,,,,,,,
Cambodia,104.874,11.5556,East Asia and Pacific,16486542.0,,,,ASIA (EX. NEAR EAST),13881427.0,181040.0,76.7,0.24,0.0,71.48,1900.0,69.4,2.6,20.96,0.61,78.43,2.0,26.9,9.06,0.35,0.3,0.35
Djibouti,43.1425,11.5806,Middle East and North Africa,973560.0,,,,SUB-SAHARAN AFRICA        ,486530.0,23000.0,21.2,1.37,0.0,104.13,1300.0,67.9,22.8,0.04,0.0,99.96,1.0,39.53,19.31,179.0,225.0,596.0
Guinea-Bissau,-15.1804,11.8037,Sub-Saharan Africa,1920922.0,,,,SUB-SAHARAN AFRICA        ,1442029.0,36120.0,39.9,0.97,-1.57,107.17,800.0,42.4,7.4,10.67,8.82,80.51,2.0,37.22,16.53,0.62,0.12,0.26
Grenada,-61.7449,12.0653,Latin America & the Caribbean,112003.0,,,,LATIN AMER. & CARIB   ,89703.0,344.0,260.8,35.17,-13.92,14.62,5000.0,98.0,364.5,5.88,29.41,64.71,2.0,22.08,6.88,54.0,0.18,766.0
Chad,15.0445,12.1048,Sub-Saharan Africa,15946876.0,,,,SUB-SAHARAN AFRICA        ,9944201.0,1284000.0,7.7,0.0,-0.11,93.82,1200.0,47.5,1.3,2.86,0.02,97.12,2.0,45.73,16.38,335.0,259.0,406.0
Nicaragua,-86.2734,12.1475,Latin America & the Caribbean,6545502.0,,,,LATIN AMER. & CARIB   ,5570129.0,129494.0,43.0,0.7,-1.22,29.11,2300.0,67.5,39.7,15.94,1.94,82.12,2.0,24.51,4.45,165.0,275.0,0.56
Burkina Faso,-1.53395,12.3605,Sub-Saharan Africa,20321378.0,,,,SUB-SAHARAN AFRICA        ,13902972.0,274200.0,50.7,0.0,0.0,97.57,1100.0,26.6,7.0,14.43,0.19,85.38,2.0,45.62,15.6,322.0,196.0,482.0
Aruba,-70.0167,12.5167,Other,106314.0,,,,LATIN AMER. & CARIB   ,71891.0,193.0,372.5,35.49,0.0,5.89,28000.0,97.0,516.1,10.53,0.0,89.47,2.0,11.03,6.68,4.0,333.0,663.0
Barbados,-59.6105,13.0935,Latin America & the Caribbean,287025.0,,,,LATIN AMER. & CARIB   ,279912.0,431.0,649.5,22.51,-0.31,12.5,15700.0,97.4,481.9,37.21,2.33,60.46,2.0,12.71,8.67,0.06,0.16,0.78
St. Vincent and the Grenadines,-61.2653,13.2035,Latin America & the Caribbean,110589.0,,,,,,,,,,,,,,,,,,,,,,
Guam,144.794,13.4443,Other,167294.0,,,,OCEANIA       ,171019.0,541.0,316.1,23.2,0.0,6.94,21000.0,99.0,492.0,9.09,16.36,74.55,2.0,18.79,4.48,,,
"Gambia, The",-16.5885,13.4495,Sub-Saharan Africa,2347706.0,,,,SUB-SAHARAN AFRICA        ,1641564.0,11300.0,145.3,0.71,1.57,72.02,1700.0,40.1,26.8,25.0,0.5,74.5,2.0,39.37,12.25,308.0,142.0,549.0
Niger,2.1073,13.514,Sub-Saharan Africa,23310715.0,,,,SUB-SAHARAN AFRICA        ,12525094.0,1267000.0,9.9,0.0,-0.67,121.69,800.0,17.6,1.9,3.54,0.01,96.45,1.0,50.73,20.91,0.39,0.17,0.44
Mali,-7.50034,13.5667,Sub-Saharan Africa,19658031.0,,,,SUB-SAHARAN AFRICA        ,11716829.0,1240000.0,9.5,0.0,-0.33,116.79,900.0,46.4,6.4,3.82,0.03,96.15,2.0,49.82,16.89,0.45,0.17,0.38
El Salvador,-89.2073,13.7034,Latin America & the Caribbean,6453553.0,,,,LATIN AMER. & CARIB   ,6822378.0,21040.0,324.3,1.46,-3.74,25.1,4800.0,80.2,142.4,31.85,12.07,56.08,2.0,26.61,5.78,99.0,302.0,599.0
Thailand,100.521,13.7308,East Asia and Pacific,69625582.0,,,,ASIA (EX. NEAR EAST),64631595.0,514000.0,125.7,0.63,0.0,20.48,7400.0,92.6,108.9,29.36,6.46,64.18,2.0,13.87,7.04,99.0,441.0,0.46
St. Lucia,-60.9832,14.0,Latin America & the Caribbean,182790.0,,,,,,,,,,,,,,,,,,,,,,
Philippines,121.035,14.5515,East Asia and Pacific,108116615.0,,,,ASIA (EX. NEAR EAST),89468677.0,300000.0,298.2,12.1,-1.5,23.51,4600.0,92.6,38.4,18.95,16.77,64.28,2.0,24.89,5.41,144.0,326.0,0.53
Guatemala,-90.5328,14.6248,Latin America & the Caribbean,16604026.0,,,,LATIN AMER. & CARIB   ,12293545.0,108890.0,112.9,0.37,-1.67,35.93,4100.0,70.6,92.1,12.54,5.03,82.43,2.0,29.88,5.2,227.0,188.0,585.0
Senegal,-17.4734,14.7247,Sub-Saharan Africa,16296364.0,,,,SUB-SAHARAN AFRICA        ,11987121.0,196190.0,61.1,0.27,0.2,55.51,1600.0,40.2,22.2,12.78,0.21,87.01,2.0,32.78,9.42,172.0,209.0,619.0
Cabo Verde,-23.5087,14.9218,Sub-Saharan Africa,549935.0,,,,,,,,,,,,,,,,,,,,,,
Honduras,-87.4667,15.1333,Latin America & the Caribbean,9746117.0,,,,LATIN AMER. & CARIB   ,7326496.0,112090.0,65.4,0.73,-1.99,29.32,2600.0,76.2,67.5,9.55,3.22,87.23,2.0,28.24,5.28,139.0,312.0,549.0
Northern Mariana Islands,145.765,15.1935,Other,57216.0,,,,,,,,,,,,,,,,,,,,,,
Dominica,-61.39,15.2976,Latin America & the Caribbean,71808.0,,,,LATIN AMER. & CARIB   ,68910.0,754.0,91.4,19.63,-13.87,14.15,5400.0,94.0,304.8,6.67,20.0,73.33,2.0,15.27,6.73,177.0,328.0,495.0
Eritrea,38.9183,15.3315,Sub-Saharan Africa,,,,,SUB-SAHARAN AFRICA        ,4786994.0,121320.0,39.5,1.84,0.0,74.87,700.0,58.6,7.9,4.95,0.03,95.02,1.5,34.33,9.6,102.0,254.0,643.0
"Yemen, Rep.",44.2075,15.352,Middle East and North Africa,29161922.0,,,,,,,,,,,,,,,,,,,,,,
Sudan,32.5363,15.5932,Sub-Saharan Africa,42813238.0,,,,SUB-SAHARAN AFRICA        ,41236378.0,2505810.0,16.5,0.03,-0.02,62.5,1900.0,61.1,16.3,6.83,0.18,92.99,2.0,34.53,8.97,387.0,203.0,0.41
Antigua and Barbuda,-61.8456,17.1175,Latin America & the Caribbean,97118.0,,,,,,,,,,,,,,,,,,,,,,
Belize,-88.7713,17.2534,Latin America & the Caribbean,390353.0,,,,LATIN AMER. & CARIB   ,287730.0,22966.0,12.5,1.68,0.0,25.69,4900.0,94.1,115.7,2.85,1.71,95.44,2.0,28.84,5.72,142.0,152.0,612.0
St. Kitts and Nevis,-62.7309,17.3,Latin America & the Caribbean,52834.0,,,,,,,,,,,,,,,,,,,,,,
Jamaica,-76.792,17.9927,Latin America & the Caribbean,2948279.0,,,,LATIN AMER. & CARIB   ,2758124.0,10991.0,250.9,9.3,-4.92,12.36,3900.0,87.9,124.0,16.07,10.16,73.77,2.0,20.82,6.52,49.0,337.0,615.0
Puerto Rico,-66.0,18.23,Other,3193694.0,,,,LATIN AMER. & CARIB   ,3927188.0,13790.0,284.8,3.63,-1.46,8.24,16800.0,94.1,283.1,3.95,5.52,90.53,2.0,12.77,7.65,0.01,0.45,0.54
Mauritania,-15.9824,18.2367,Sub-Saharan Africa,4525696.0,,,,SUB-SAHARAN AFRICA        ,3177388.0,1030700.0,3.1,0.07,0.0,70.89,1800.0,41.7,12.9,0.48,0.01,99.51,1.0,40.99,12.16,0.25,0.29,0.46
Virgin Islands (U.S.),-64.8963,18.3358,Other,106631.0,,,,,,,,,,,,,,,,,,,,,,
British Virgin Islands,-64.623056,18.431389,Other,30030.0,,,,,,,,,,,,,,,,,,,,,,
Dominican Republic,-69.8908,18.479,Latin America & the Caribbean,10738958.0,,,,LATIN AMER. & CARIB   ,9183984.0,48730.0,188.5,2.64,-3.22,32.38,6000.0,84.7,97.4,22.65,10.33,67.02,2.0,23.22,5.73,112.0,306.0,582.0
Haiti,-72.3288,18.5392,Latin America & the Caribbean,11263077.0,,,,LATIN AMER. & CARIB   ,8308504.0,27750.0,299.4,6.38,-3.4,73.45,1600.0,52.9,16.9,28.3,11.61,60.09,2.0,36.44,12.17,0.28,0.2,0.52
Lao PDR,102.177,18.5826,East Asia and Pacific,7169455.0,,,,,,,,,,,,,,,,,,,,,,
Cayman Islands,-81.3857,19.3022,Other,64948.0,,,,LATIN AMER. & CARIB   ,45436.0,262.0,173.4,61.07,18.75,8.19,35000.0,98.0,836.3,3.85,0.0,96.15,2.0,12.74,4.89,14.0,32.0,954.0
Mexico,-99.1276,19.427,Latin America & the Caribbean,127575529.0,,,,LATIN AMER. & CARIB   ,107449525.0,1972550.0,54.5,0.47,-4.87,20.91,9000.0,92.2,181.6,12.99,1.31,85.7,1.5,20.69,4.74,38.0,259.0,702.0
Vietnam,105.825,21.0069,East Asia and Pacific,96462106.0,,,,ASIA (EX. NEAR EAST),84402966.0,329560.0,256.1,1.05,-0.45,25.95,2500.0,90.3,187.7,19.97,5.95,74.08,2.0,16.86,6.22,209.0,0.41,381.0
Turks and Caicos Islands,-71.141389,21.4602778,Other,38191.0,,,,,,,,,,,,,,,,,,,,,,
Myanmar,95.9562,21.914,East Asia and Pacific,54045420.0,,,,,,,,,,,,,,,,,,,,,,
"Macao SAR, China",113.55,22.1667,East Asia and Pacific,640445.0,,,,,,,,,,,,,,,,,,,,,,
"Hong Kong SAR, China",114.109,22.3964,East Asia and Pacific,7507400.0,,,,,,,,,,,,,,,,,,,,,,
Cuba,-82.3667,23.1333,Other,11333483.0,,,,LATIN AMER. & CARIB   ,11382820.0,110860.0,102.7,3.37,-1.58,6.33,2900.0,97.0,74.7,33.05,7.6,59.35,2.0,11.89,7.22,55.0,261.0,684.0
Oman,58.5874,23.6105,Middle East and North Africa,4974986.0,,,,NEAR EAST     ,3102229.0,212460.0,14.6,0.98,0.28,19.51,13100.0,75.8,85.5,0.0,0.14,99.74,1.0,36.24,3.81,27.0,0.39,583.0
Bangladesh,90.4113,23.7055,South Asia,163046161.0,,,,ASIA (EX. NEAR EAST),147365352.0,144000.0,1023.4,0.4,-0.71,62.6,1900.0,43.1,7.3,62.11,3.07,34.82,2.0,29.8,8.27,199.0,198.0,603.0
United Arab Emirates,54.3705,24.4764,Middle East and North Africa,9770529.0,,,,NEAR EAST     ,2602713.0,82880.0,31.4,1.59,1.03,14.51,23200.0,77.9,475.3,0.6,2.25,97.15,1.0,18.96,4.4,0.04,585.0,375.0
Saudi Arabia,46.6977,24.6748,Middle East and North Africa,34268528.0,,,,NEAR EAST     ,27019731.0,1960582.0,13.8,0.13,-2.71,13.24,11800.0,78.8,140.6,1.67,0.09,98.24,1.0,29.34,2.58,33.0,613.0,354.0
"Bahamas, The",-77.339,25.0661,Latin America & the Caribbean,389482.0,,,,LATIN AMER. & CARIB   ,303770.0,13940.0,21.8,25.41,-2.2,25.21,16700.0,95.6,460.6,0.8,0.4,98.8,2.0,17.57,9.05,0.03,0.07,0.9
Qatar,51.5082,25.2948,Middle East and North Africa,2832067.0,,,,NEAR EAST     ,885359.0,11437.0,77.4,4.92,16.29,18.61,21500.0,82.5,232.0,1.64,0.27,98.09,1.0,15.56,4.72,2.0,801.0,197.0
Bahrain,50.5354,26.1921,Middle East and North Africa,1641172.0,,,,NEAR EAST     ,698585.0,665.0,1050.5,24.21,1.05,17.27,16900.0,89.1,281.3,2.82,5.63,91.55,1.0,17.8,4.14,5.0,387.0,608.0
Bhutan,89.6177,27.5768,South Asia,763092.0,,,,ASIA (EX. NEAR EAST),2279723.0,47000.0,48.5,0.0,0.0,100.44,1300.0,42.2,14.3,3.09,0.43,96.48,2.0,33.65,12.7,258.0,379.0,363.0
Nepal,85.3157,27.6939,South Asia,28608710.0,,,,ASIA (EX. NEAR EAST),28287147.0,147181.0,192.2,0.0,0.0,66.98,1400.0,45.2,15.9,21.68,0.64,77.68,,30.98,9.31,0.38,0.21,0.41
India,77.225,28.6353,South Asia,1366417754.0,,,,ASIA (EX. NEAR EAST),1095351995.0,3287590.0,333.2,0.21,-0.07,56.29,2900.0,59.5,45.4,54.4,2.74,42.86,2.5,22.01,8.18,186.0,276.0,538.0
Kuwait,47.9824,29.3721,Middle East and North Africa,4207083.0,,,,NEAR EAST     ,2418393.0,17820.0,135.7,2.8,14.18,9.95,19000.0,83.5,211.0,0.73,0.11,99.16,1.0,21.94,2.41,4.0,479.0,516.0
"Egypt, Arab Rep.",31.2461,30.0982,Middle East and North Africa,100388073.0,,,,,,,,,,,,,,,,,,,,,,
Pakistan,72.8,30.5167,South Asia,216565318.0,,,,ASIA (EX. NEAR EAST),165803560.0,803940.0,206.2,0.13,-2.77,72.44,2100.0,45.7,31.8,27.87,0.87,71.26,1.0,29.74,8.23,216.0,251.0,533.0
Israel,35.2035,31.7717,Other,9053300.0,,,,NEAR EAST     ,6352117.0,20770.0,305.8,1.31,0.68,7.03,19800.0,95.4,462.3,16.39,4.17,79.44,3.0,17.97,6.18,26.0,317.0,657.0
Jordan,35.9263,31.9497,Middle East and North Africa,10101694.0,,,,NEAR EAST     ,5906760.0,92300.0,64.0,0.03,6.59,17.35,4300.0,91.3,104.5,2.67,1.83,95.5,1.0,21.25,2.65,33.0,287.0,0.68
Bermuda,-64.706,32.3293,Other,63918.0,,,,NORTHERN AMERICA          ,65773.0,53.0,1241.0,194.34,2.49,8.53,36000.0,98.0,851.4,20.0,0.0,80.0,2.0,11.4,7.74,0.01,0.1,0.89
Libya,13.1072,32.8578,Middle East and North Africa,6777452.0,,,,NORTHERN AFRICA           ,5900754.0,1759540.0,3.4,0.1,0.0,24.6,6400.0,82.6,127.1,1.03,0.19,98.78,,26.49,3.48,76.0,499.0,425.0
Iraq,44.394,33.3302,Middle East and North Africa,39309783.0,,,,NEAR EAST     ,26783383.0,437072.0,61.3,0.01,0.0,50.25,1500.0,40.4,38.6,13.15,0.78,86.07,1.0,31.98,5.37,73.0,666.0,261.0
Syrian Arab Republic,36.3119,33.5146,Middle East and North Africa,17070135.0,,,,,,,,,,,,,,,,,,,,,,
Lebanon,35.5134,33.8872,Middle East and North Africa,6855713.0,,,,NEAR EAST     ,3874050.0,10400.0,372.5,2.16,0.0,24.52,4800.0,87.4,255.6,16.62,13.98,69.4,,18.52,6.21,0.12,0.21,0.67
Morocco,-6.8704,33.9905,Middle East and North Africa,36471769.0,,,,NORTHERN AFRICA           ,33241259.0,446550.0,74.4,0.41,-0.98,41.62,4000.0,51.7,40.4,19.61,2.17,78.22,,21.98,5.58,217.0,357.0,426.0
Afghanistan,69.1761,34.5228,South Asia,38041754.0,,,,ASIA (EX. NEAR EAST),31056997.0,647500.0,48.0,0.0,23.06,163.07,700.0,36.0,3.2,12.13,0.22,87.65,1.0,46.6,20.34,0.38,0.24,0.38
Cyprus,33.3736,35.1676,Europe and Central Asia,1198575.0,,,,NEAR EAST     ,784301.0,9250.0,84.8,7.01,0.43,7.18,19200.0,97.6,,7.79,4.44,87.77,3.0,12.56,7.68,37.0,198.0,765.0
Japan,139.77,35.67,Other,126264931.0,,,,ASIA (EX. NEAR EAST),127463611.0,377835.0,337.4,7.87,0.0,3.26,28200.0,99.0,461.2,12.19,0.96,86.85,3.0,9.37,9.16,17.0,258.0,725.0
"Iran, Islamic Rep.",51.4447,35.6878,Middle East and North Africa,82913906.0,,,,,,,,,,,,,,,,,,,,,,
Malta,14.5189,35.9042,Middle East and North Africa,502653.0,,,,WESTERN EUROPE,400214.0,316.0,1266.5,62.28,2.07,3.89,17700.0,92.8,505.0,28.13,3.13,68.74,,10.22,8.1,0.03,0.23,0.74
Algeria,3.05097,36.7397,Middle East and North Africa,43053054.0,,,,NORTHERN AFRICA           ,32930091.0,2381740.0,13.8,0.04,-0.39,31.0,6000.0,70.0,78.1,3.22,0.25,96.53,1.0,17.14,4.61,101.0,0.6,298.0
Tunisia,10.21,36.7899,Middle East and North Africa,11694719.0,,,,NORTHERN AFRICA           ,10175014.0,163610.0,62.2,0.7,-0.57,24.77,6900.0,74.2,123.6,17.86,13.74,68.4,3.0,15.52,5.13,132.0,318.0,0.55
"Korea, Rep.",126.957,37.5323,East Asia and Pacific,51709098.0,,,,,,,,,,,,,,,,,,,,,,
Turkmenistan,58.3794,37.9509,Europe and Central Asia,5942089.0,,,,C.W. OF IND. STATES,5042920.0,488100.0,10.3,0.0,-0.86,73.08,5800.0,98.0,74.6,3.72,0.14,96.14,1.0,27.61,8.6,209.0,0.38,411.0
Greece,23.7166,37.9792,Other,10716322.0,,,,WESTERN EUROPE,10688058.0,131940.0,81.0,10.37,2.35,5.53,20000.0,97.5,589.7,21.1,8.78,70.12,3.0,9.68,10.24,54.0,213.0,733.0
Tajikistan,68.7864,38.5878,Europe and Central Asia,9321018.0,,,,C.W. OF IND. STATES,7320815.0,143100.0,51.2,0.0,-2.86,110.76,1000.0,99.4,33.5,6.61,0.92,92.47,2.0,32.65,8.25,234.0,286.0,0.48
Portugal,-9.13552,38.7072,Other,10269417.0,,,,WESTERN EUROPE,10605870.0,92391.0,114.8,1.94,3.57,5.05,18000.0,93.3,399.2,21.75,7.81,70.44,3.0,10.72,10.5,53.0,274.0,673.0
United States,-77.032,38.8895,Other,328239523.0,,,,NORTHERN AMERICA          ,298444215.0,9631420.0,31.0,0.21,3.41,6.5,37800.0,97.0,898.0,19.13,0.22,80.65,3.0,14.14,8.26,0.01,204.0,787.0
Turkey,32.3606,39.7153,Europe and Central Asia,83429615.0,,,,NEAR EAST     ,70413958.0,780580.0,90.2,0.92,0.0,41.04,6700.0,86.5,269.5,30.93,3.31,65.76,3.0,16.62,5.97,117.0,298.0,585.0
China,116.286,40.0495,East Asia and Pacific,1397715000.0,,,,ASIA (EX. NEAR EAST),1313973713.0,9596960.0,136.9,0.15,-0.4,24.18,5000.0,90.9,266.7,15.4,1.25,83.35,1.5,13.25,6.97,125.0,473.0,403.0
Armenia,44.509,40.1596,Europe and Central Asia,2957731.0,,,,C.W. OF IND. STATES,2976372.0,29800.0,99.9,0.0,-6.47,23.28,3500.0,98.6,195.7,17.55,2.3,80.15,4.0,12.07,8.23,239.0,343.0,418.0
Azerbaijan,49.8932,40.3834,Europe and Central Asia,10023318.0,,,,C.W. OF IND. STATES,7961619.0,86600.0,91.9,0.0,-4.9,81.74,3400.0,97.0,137.1,19.63,2.71,77.66,1.0,20.74,9.75,141.0,457.0,402.0
Spain,-3.70327,40.4167,Other,47076781.0,,,,WESTERN EUROPE,40397842.0,504782.0,80.0,0.98,0.99,4.42,22000.0,97.9,453.5,26.07,9.87,64.06,3.0,10.06,9.72,0.04,295.0,665.0
Uzbekistan,69.269,41.3052,Europe and Central Asia,33580650.0,,,,C.W. OF IND. STATES,27307134.0,447400.0,61.0,0.0,-1.72,71.1,1700.0,99.3,62.9,10.83,0.83,88.34,1.0,26.36,7.84,342.0,229.0,0.43
Albania,19.8172,41.3317,Europe and Central Asia,2854191.0,,,,EASTERN EUROPE,3581655.0,28748.0,124.6,1.26,-4.93,21.52,4500.0,86.5,71.2,21.09,4.42,74.49,3.0,15.11,5.22,232.0,188.0,579.0
Georgia,44.793,41.71,Europe and Central Asia,3720382.0,,,,C.W. OF IND. STATES,4661473.0,69700.0,66.9,0.44,-4.7,18.59,2500.0,99.0,146.6,11.44,3.86,84.7,3.0,10.41,9.23,172.0,275.0,553.0
Italy,12.4823,41.8955,Other,60297396.0,,,,WESTERN EUROPE,58133509.0,301230.0,193.0,2.52,2.07,5.94,26700.0,98.6,430.9,27.79,9.53,62.68,,8.72,10.4,21.0,291.0,688.0
North Macedonia,21.4361,42.0024,Europe and Central Asia,2083459.0,,,,,,,,,,,,,,,,,,,,,,
Montenegro,19.2595,42.4602,Europe and Central Asia,622137.0,,,,,,,,,,,,,,,,,,,,,,
Andorra,1.5218,42.5075,Other,77142.0,,,,WESTERN EUROPE,71201.0,468.0,152.1,0.0,6.6,4.05,19000.0,100.0,497.2,2.22,0.0,97.78,3.0,8.71,6.25,,,
Kosovo,20.926,42.565,Europe and Central Asia,1794248.0,,,,,,,,,,,,,,,,,,,,,,
Bulgaria,23.3238,42.7105,Europe and Central Asia,6975761.0,,,,EASTERN EUROPE,7385367.0,110910.0,66.6,0.32,-4.58,20.55,7600.0,98.6,336.3,40.02,1.92,58.06,3.0,9.65,14.27,93.0,304.0,603.0
Kyrgyz Republic,74.6057,42.8851,Europe and Central Asia,6456900.0,,,,,,,,,,,,,,,,,,,,,,
Monaco,7.41891,43.7325,Other,38964.0,,,,WESTERN EUROPE,32543.0,2.0,16271.5,205.0,7.75,5.43,27000.0,99.0,1035.6,0.0,0.0,100.0,,9.19,12.91,0.17,,
Bosnia and Herzegovina,18.4214,43.8607,Europe and Central Asia,3301000.0,,,,,,,,,,,,,,,,,,,,,,
San Marino,12.4486,43.9322,Other,33860.0,,,,WESTERN EUROPE,29251.0,61.0,479.5,0.0,10.98,5.73,34600.0,96.0,704.3,16.67,0.0,83.33,,10.02,8.17,,,
Romania,26.0979,44.4479,Europe and Central Asia,19356544.0,,,,EASTERN EUROPE,22303552.0,237500.0,93.9,0.09,-0.13,26.43,7000.0,98.4,196.9,40.82,2.25,56.93,3.0,10.7,11.77,101.0,0.35,549.0
Serbia,20.4656,44.8024,Europe and Central Asia,6944975.0,,,,EASTERN EUROPE,9396411.0,88361.0,106.3,0.0,-1.33,12.89,2200.0,93.0,285.8,33.35,3.2,63.45,,,,166.0,255.0,579.0
Canada,-75.6919,45.4215,Other,37589262.0,,,,NORTHERN AMERICA          ,33098932.0,9984670.0,3.3,2.02,5.96,4.75,29800.0,97.0,552.2,4.96,0.02,95.02,,10.78,7.8,22.0,294.0,684.0
Croatia,15.9614,45.8069,Europe and Central Asia,4067500.0,,,,EASTERN EUROPE,4494749.0,56542.0,79.5,10.32,1.58,6.84,10600.0,98.5,420.4,26.09,2.27,71.65,,9.61,11.48,0.07,308.0,622.0
Slovenia,14.5044,46.0546,Europe and Central Asia,2087946.0,,,,EASTERN EUROPE,2010347.0,20273.0,99.2,0.23,1.12,4.45,19000.0,99.7,406.1,8.6,1.49,89.91,,8.98,10.31,28.0,369.0,603.0
Switzerland,7.44821,46.948,Other,8574832.0,,,,WESTERN EUROPE,7523934.0,41290.0,182.2,0.0,4.05,4.39,32700.0,99.0,680.9,10.42,0.61,88.97,3.0,9.71,8.49,15.0,0.34,645.0
Moldova,28.8497,47.0167,Europe and Central Asia,2657637.0,,,,C.W. OF IND. STATES,4466706.0,33843.0,132.0,0.0,-0.26,40.42,1800.0,99.1,208.1,55.3,10.79,33.91,,15.7,12.64,213.0,233.0,555.0
Liechtenstein,9.52148,47.1411,Other,38019.0,,,,WESTERN EUROPE,33987.0,160.0,212.4,0.0,4.85,4.7,25000.0,100.0,585.5,25.0,0.0,75.0,4.0,10.21,7.18,0.06,0.39,0.55
Hungary,19.0408,47.4984,Europe and Central Asia,9769949.0,,,,EASTERN EUROPE,9981334.0,93030.0,107.3,0.0,0.86,8.57,13900.0,99.4,336.2,50.09,2.06,47.85,3.0,9.72,13.11,37.0,312.0,651.0
Mongolia,106.937,47.9129,East Asia and Pacific,3225167.0,,,,ASIA (EX. NEAR EAST),2832224.0,1564116.0,1.8,0.0,0.0,53.79,1800.0,97.8,55.1,0.77,0.0,99.23,1.0,21.59,6.95,206.0,214.0,0.58
Slovak Republic,17.1073,48.1484,Europe and Central Asia,5454073.0,,,,,,,,,,,,,,,,,,,,,,
Austria,16.3798,48.2201,Other,8877067.0,,,,WESTERN EUROPE,8192880.0,83870.0,97.7,0.0,2.0,4.66,30000.0,98.0,452.2,16.91,0.86,82.23,3.0,8.74,9.76,18.0,304.0,678.0
France,2.35097,48.8566,Other,67059887.0,,,,WESTERN EUROPE,60876136.0,547030.0,111.3,0.63,0.66,4.26,27600.0,99.0,586.4,33.53,2.07,64.4,4.0,11.99,9.14,22.0,214.0,764.0
Luxembourg,6.1296,49.61,Other,619896.0,,,,WESTERN EUROPE,474413.0,2586.0,183.5,0.0,8.97,4.81,55100.0,100.0,515.4,23.28,0.4,76.32,,11.94,8.41,0.01,0.13,0.86
Czech Republic,14.4205,50.0878,Europe and Central Asia,10669709.0,,,,EASTERN EUROPE,10235455.0,78866.0,129.8,0.0,0.97,3.93,15700.0,99.9,314.3,39.8,3.05,57.15,3.0,9.02,10.59,34.0,393.0,573.0
Ukraine,30.5038,50.4536,Europe and Central Asia,44385155.0,,,,C.W. OF IND. STATES,46710816.0,603700.0,77.4,0.46,-0.39,20.34,5400.0,99.7,259.9,56.21,1.61,42.18,3.0,8.82,14.39,187.0,452.0,361.0
Belgium,4.36761,50.8371,Other,11484055.0,,,,WESTERN EUROPE,10379067.0,30528.0,340.0,0.22,1.23,4.68,29100.0,98.0,462.6,23.28,0.4,76.32,3.0,10.38,10.27,0.01,0.24,749.0
Kazakhstan,71.4382,51.1879,Europe and Central Asia,18513930.0,,,,C.W. OF IND. STATES,15233244.0,2717300.0,5.6,0.0,-3.35,29.21,6300.0,98.4,164.1,7.98,0.05,91.97,4.0,16.0,9.42,67.0,386.0,547.0
United Kingdom,-0.126236,51.5002,Other,66834405.0,,,,WESTERN EUROPE,60609153.0,244820.0,247.6,5.08,2.19,5.16,27700.0,99.0,543.5,23.46,0.21,76.33,3.0,10.71,10.13,5.0,237.0,758.0
Poland,21.02,52.26,Europe and Central Asia,37970874.0,,,,EASTERN EUROPE,38536869.0,312685.0,123.3,0.16,-0.49,8.51,11100.0,99.8,306.3,45.91,1.12,52.97,3.0,9.85,9.89,0.05,311.0,0.64
Netherlands,4.89095,52.3738,Other,17332850.0,,,,WESTERN EUROPE,16491461.0,41526.0,397.1,1.09,2.91,5.04,28600.0,99.0,460.8,26.71,0.97,72.32,3.0,10.9,8.68,21.0,244.0,736.0
Germany,13.4115,52.5235,Other,83132799.0,,,,WESTERN EUROPE,82422299.0,357021.0,230.9,0.67,2.18,4.16,27600.0,99.0,667.9,33.85,0.59,65.56,3.0,8.25,10.62,9.0,296.0,695.0
Ireland,-6.26749,53.3441,Other,4941444.0,,,,WESTERN EUROPE,4062235.0,70280.0,57.8,2.06,4.99,5.39,29600.0,98.0,500.5,15.2,0.03,84.77,3.0,14.45,7.82,0.05,0.46,0.49
Belarus,27.5766,53.9678,Europe and Central Asia,9466856.0,,,,C.W. OF IND. STATES,10293011.0,207600.0,49.6,0.0,2.54,13.37,6100.0,99.6,319.1,29.55,0.6,69.85,4.0,11.16,14.02,93.0,316.0,591.0
Isle of Man,-4.47928,54.1509,Other,84584.0,,,,WESTERN EUROPE,75441.0,572.0,131.9,27.97,5.36,5.93,21000.0,,676.0,9.0,0.0,91.0,3.0,11.05,11.19,0.01,0.13,0.86
Lithuania,25.2799,54.6896,Europe and Central Asia,2786844.0,,,,BALTICS       ,3585906.0,65200.0,55.0,0.14,-0.71,6.89,11400.0,99.6,223.4,45.22,0.91,53.87,,8.75,10.98,55.0,325.0,0.62
Denmark,12.5681,55.6763,Other,5818553.0,,,,WESTERN EUROPE,5450661.0,43094.0,126.5,16.97,2.48,4.56,31100.0,100.0,614.6,54.02,0.19,45.79,3.0,11.13,10.36,18.0,246.0,735.0
Russian Federation,37.6176,55.7558,Europe and Central Asia,144373535.0,,,,,,,,,,,,,,,,,,,,,,
Latvia,24.1048,56.9465,Europe and Central Asia,1912789.0,,,,BALTICS       ,2274735.0,64589.0,35.2,0.82,-2.23,9.55,10200.0,99.8,321.4,29.67,0.47,69.86,3.0,9.24,13.66,0.04,261.0,699.0
Sweden,18.0645,59.3327,Other,10285453.0,,,,WESTERN EUROPE,9016596.0,449964.0,20.0,0.72,1.67,2.77,26800.0,99.0,715.0,6.54,0.01,93.45,3.0,10.27,10.31,11.0,282.0,707.0
Estonia,24.7586,59.4392,Europe and Central Asia,1326590.0,,,,BALTICS       ,1324333.0,45226.0,29.3,8.39,-3.16,7.87,12300.0,99.8,333.8,16.04,0.45,83.51,3.0,10.04,13.25,0.04,294.0,666.0
Norway,10.7387,59.9138,Europe and Central Asia,5347896.0,,,,WESTERN EUROPE,4610820.0,323802.0,14.2,7.77,1.74,3.7,37800.0,100.0,461.7,2.87,0.0,97.13,3.0,11.46,9.4,21.0,415.0,564.0
Finland,24.9525,60.1608,Other,5520314.0,,,,WESTERN EUROPE,5231372.0,338145.0,15.5,0.37,0.95,3.57,27400.0,100.0,405.3,7.19,0.03,92.78,3.0,10.45,9.86,28.0,295.0,676.0
Faroe Islands,-6.91181,61.8926,Other,48678.0,,,,WESTERN EUROPE,47246.0,1399.0,33.8,79.84,1.41,6.24,22000.0,,503.8,2.14,0.0,97.86,,14.05,8.7,0.27,0.11,0.62
Iceland,-21.8952,64.1353,Other,361313.0,,,,WESTERN EUROPE,299388.0,103000.0,2.9,4.83,2.38,3.31,30900.0,99.9,647.7,0.07,0.0,99.93,3.0,13.64,6.72,86.0,0.15,765.0
Greenland,-51.7214,64.1836,Other,56225.0,,,,NORTHERN AMERICA          ,56361.0,2166086.0,0.0,2.04,-8.37,15.82,20000.0,,448.9,0.0,0.0,100.0,1.0,15.93,7.84,,,
